<?xml version="1.0" encoding="UTF-8"?>
<project-private xmlns="http://www.netbeans.org/ns/project-private/1">
    <editor-bookmarks xmlns="http://www.netbeans.org/ns/editor-bookmarks/2" lastBookmarkId="0"/>
    <open-files xmlns="http://www.netbeans.org/ns/projectui-open-files/2">
        <group>
            <file>file:/Users/anicamassas/NetBeansProjects/RCH/Trabalho-Semestral/RCH/src/rch/RCH.java</file>
            <file>file:/Users/anicamassas/NetBeansProjects/RCH/Trabalho-Semestral/RCH/src/Telas/Login.java</file>
            <file>file:/Users/anicamassas/NetBeansProjects/RCH/Trabalho-Semestral/RCH/src/Telas/TelaPrincipal.java</file>
        </group>
    </open-files>
</project-private>
